{"boxHight":157.0,"boxPosX":-225.25100708007813,"boxPosY":-138.77099609375,"boxWidth":167.0,"number":1,"textPosX":-218.1009979248047,"textPosY":-138.77099609375,"textSize":50.0}