{"number":0,"textPosX":-32.17900085449219,"textPosY":18.10099983215332,"textSize":50}